dataset,split,gp_r2,xgb_r2,ffnn_r2,gp_rmse,xgb_rmse,ffnn_rmse
A2a,RND_00,0.7528139331752867,0.5635890931697954,0.6986929176206337,0.6752397552622171,0.8972093859492809,0.7455052055016136
A2a,RND_01,0.5953497760905662,0.21409866369735175,0.47520718057871714,0.8561760821522123,1.1931834268814696,0.9750281197106234
A2a,RND_02,0.6178800543700693,0.39474225031524035,0.5427280688450322,0.8093095334133268,1.018556165665864,0.8853236676819247
A2a,RND_03,0.6887495468941649,0.6873821485786815,0.6431473155166718,0.675123748453623,0.6766051139725483,0.7228910920409675
A2a,RND_04,0.4969126730972042,-0.02754564335375953,0.315572629309938,0.6333643711138129,0.9051748978266925,0.7387468209699642
A2a,RND_05,0.8135948427064739,0.7651207704131766,0.7965244811006209,0.47014333737030223,0.5277443966065741,0.4911989234514075
A2a,RND_06,0.5937813673567467,0.5370495170636049,0.5248642391775535,0.8304499742019339,0.8865450855616178,0.8981366424882946
A2a,RND_07,0.8022527390593903,0.5867818143903962,0.6699933093544672,0.505935915501349,0.7313579476020042,0.6535843499108602
A2a,RND_08,0.4910184270615664,0.372690841763746,0.4432160791128533,0.7396653769294164,0.8211548729825713,0.773619847105722
A2a,RND_09,0.5130856124718345,0.3321335739020145,0.3740630421262754,0.726201023336899,0.8505020383244031,0.8233715377682997
A2a,SCAF_00,0.012975648261492445,-0.3013526528467665,-0.09523101933661615,1.044127613051152,1.198911561675991,1.099872934663086
A2a,SCAF_01,0.37440132153676053,0.3863785186381117,-0.015330077697598643,0.6901157151551163,0.6834775960439929,0.8791796593468988
A2a,SCAF_02,0.5977982980338175,0.7579983074413128,0.7487721902193373,1.0593749838864603,0.8217447970379331,0.837262456107517
A2a,SCAF_03,0.2876273125403258,-0.2809692470313718,0.3443804125057689,0.8409768783410244,1.127716090872383,0.8067823444389889
A2a,SCAF_04,0.6421419525200449,0.6851892485022911,0.7108572511737037,1.0404713558621042,0.9758869548607779,0.9352568275526942
A2a,SCAF_05,0.4253178696797848,0.32499374356752053,0.4771070467271207,0.6765328739435825,0.7332109752604138,0.6453294021632002
A2a,SCAF_06,0.2171754030343903,0.06764545205898853,0.10528250138943496,0.9969945391062358,1.0880556157373298,1.0658682203917629
A2a,SCAF_07,0.4419771845423406,0.7576419944739697,0.6208121873150153,1.3070802398796775,0.8614001758349703,1.0774657065231326
A2a,SCAF_08,0.16901829284551073,0.09536337230493641,0.19617599972874789,1.0369165070414132,1.081895066467916,1.0198317791800628
A2a,SCAF_09,0.35682954598847816,-0.24075751956378433,0.28425778814436076,0.8349054540199177,1.159625383581633,0.8807498357140879
ABL1,RND_00,0.51829174338018,0.3835655450717985,0.4300209485839517,0.7965398169698467,0.901070760857735,0.8664527648647382
ABL1,RND_01,0.584455541827854,0.4516984178037027,0.5137817892025526,0.6697577600032624,0.7693407850913324,0.7244770245820586
ABL1,RND_02,0.5672347839985334,0.48617890837436284,0.5724286814223813,0.7786904554497556,0.8484859239606736,0.7740035645485125
ABL1,RND_03,0.46505613373886934,0.3432314066394123,0.395786900122128,0.8030340186155746,0.8897869373782904,0.8534437570561547
ABL1,RND_04,0.541825554848677,0.48044444672335573,0.36238622666603326,0.7179197055264448,0.7644981491586262,0.846913952422357
ABL1,RND_05,0.4476918507755513,0.38804887285628853,0.33991219157774655,0.8085720450974653,0.8511113189144687,0.8839523454421415
ABL1,RND_06,0.5474432256370263,0.37097363332075206,0.48963019305789557,0.783639762208948,0.9238774224481721,0.8321898528731408
ABL1,RND_07,0.5332786941913563,0.37124071533669356,0.4220557324891694,0.7427996257701823,0.8621544386411895,0.8265818084935447
ABL1,RND_08,0.5606793753856796,0.31998194827573834,0.47878978715926734,0.7230405864511416,0.8995640702947338,0.7875503674847939
ABL1,RND_09,0.5112876481135222,0.38486823059980957,0.4105894332399962,0.7705039044593406,0.8644348447528047,0.8461690664498525
ABL1,SCAF_00,0.2751163593106575,0.12736511787222604,0.14243731882565025,0.8383929744501102,0.9198770115845474,0.9118983245388037
ABL1,SCAF_01,0.4598833916904017,0.33289151826627394,0.3519888696206088,0.7922901065342953,0.8805189319595199,0.8678240861988927
ABL1,SCAF_02,0.4557432040205184,0.4046678149166192,0.3827926392384716,0.7358669578364094,0.7696212549386799,0.7836333681948293
ABL1,SCAF_03,0.43725132178877246,0.30983599204917167,0.44507963844148657,0.7937642768345349,0.8790436912948482,0.7882239708966216
ABL1,SCAF_04,0.4811123439134304,0.47351787304184334,0.42509129825362935,0.9137167546539244,0.9203790723099902,0.9617769398860722
ABL1,SCAF_05,0.35878749047093816,0.2812498927439103,0.41229298419277716,1.0165065903373929,1.0762128337300745,0.9731720852186655
ABL1,SCAF_06,0.3086730649665689,0.07890142978524572,0.29035390143789996,0.9139511565318785,1.0549558915917423,0.9259811747256725
ABL1,SCAF_07,0.2916973345180788,0.3083950740694623,0.4186844437006163,1.0321621908221987,1.019923379693898,0.9350707689559563
ABL1,SCAF_08,0.3675660036483819,0.27773446488582454,0.27119945753581653,0.9725016970056639,1.039276746267174,1.0439678102133723
ABL1,SCAF_09,0.47284127461424386,0.2199460554624767,0.43875011819475707,0.8709907385180724,1.0595102342515048,0.8987128858887676
Acetylcholinesterase,RND_00,0.7224374756348386,0.6772096664273795,0.6857659012738196,0.6740568694458645,0.7269028724745957,0.7172041267633011
Acetylcholinesterase,RND_01,0.7038730079542426,0.6453283129417224,0.6308861283230442,0.6935313094685854,0.7589974814990132,0.7742964316548576
Acetylcholinesterase,RND_02,0.70843977190585,0.6637872964622571,0.6540666356269488,0.6772852891755752,0.72730163101493,0.7377406726371962
Acetylcholinesterase,RND_03,0.6636674504314386,0.6241717717245614,0.6345326843517091,0.7389566335303485,0.781140581501901,0.7702980067039585
Acetylcholinesterase,RND_04,0.6780374956441504,0.6379347125022666,0.6205142393425256,0.7170584761543648,0.7604057113191679,0.7784839582170445
Acetylcholinesterase,RND_05,0.6752057070730635,0.6580704882864381,0.6342270066023168,0.7189694469216104,0.7376910822858875,0.762978075749597
Acetylcholinesterase,RND_06,0.6667739557447507,0.6005034161417405,0.6099283221456804,0.708702085823916,0.7759804452220228,0.7667723634755924
Acetylcholinesterase,RND_07,0.6830488535481569,0.640914127784717,0.6382834937753814,0.7053564792784466,0.7507782037430905,0.7535232555595165
Acetylcholinesterase,RND_08,0.6694270097289785,0.6341085115578128,0.6190037088396361,0.7208077965551717,0.7583364754731998,0.7738310759142536
Acetylcholinesterase,RND_09,0.6695758325255838,0.6226501245772751,0.6110627775931305,0.712940055131714,0.7618846410189967,0.7734938541654925
Acetylcholinesterase,SCAF_00,0.3805203806662262,0.33841600124772964,0.33989264849972745,0.9581857951235245,0.9902132041666653,0.9891075150765456
Acetylcholinesterase,SCAF_01,0.4405448373947636,0.39686801602960253,0.32040046664770294,0.9830194891552354,1.0206707404909914,1.0834428833318515
Acetylcholinesterase,SCAF_02,0.31262562516625036,0.25370720508989497,0.2621706922573711,1.0495103992657489,1.0935652511453353,1.0873466691002915
Acetylcholinesterase,SCAF_03,0.37951170724573113,0.3362489229315385,0.2752233450511974,0.9669211235222788,1.0000618759436901,1.0450242062542199
Acetylcholinesterase,SCAF_04,0.498236421915497,0.43143537314720615,0.4117513081093114,0.9002793513043553,0.9583356426519488,0.9747835857788897
Acetylcholinesterase,SCAF_05,0.41799228771287245,0.26728939145078023,0.3811305251960505,1.0152991816108767,1.1391893234438175,1.0469578494656455
Acetylcholinesterase,SCAF_06,0.4334697737603562,0.36550746176366544,0.37864646326688767,0.9283831424475117,0.9824918637355312,0.9722659811065779
Acetylcholinesterase,SCAF_07,0.47425981745520107,0.46884230432744456,0.41734770667292453,0.895852066205229,0.9004559102321146,0.9430950035140421
Acetylcholinesterase,SCAF_08,0.5401971434660622,0.47919366466679325,0.4594836764839797,0.8073913117559928,0.8592832941326154,0.8753921469085446
Acetylcholinesterase,SCAF_09,0.48999718292509764,0.438575016033256,0.388064680425816,0.9224640520590156,0.9678521765709701,1.0104525486836193
Aurora-A,RND_00,0.6873572165558929,0.6330098361811862,0.6468625007231379,0.8304854201229004,0.8997772750128781,0.8826321178044029
Aurora-A,RND_01,0.6951974824084832,0.6394182816332705,0.6303031571275507,0.7695841923405954,0.83704482471759,0.8475585991028316
Aurora-A,RND_02,0.6683236317307002,0.6235937763635802,0.6092304985903144,0.8292889268478939,0.8834398787589246,0.900137660054748
Aurora-A,RND_03,0.736638760148236,0.7162618875121838,0.6603710445139926,0.7587320195076631,0.7875376418450835,0.8616181482752274
Aurora-A,RND_04,0.709387875906978,0.6705894088547845,0.6554028936159386,0.7953612144066257,0.8467911758814097,0.8660906650559592
Aurora-A,RND_05,0.7242675835902866,0.6648324265045857,0.6816435828939584,0.7634249565639775,0.8416924610326033,0.8203123382970189
Aurora-A,RND_06,0.6688672652802072,0.6125765314923716,0.6306733612605964,0.8138007147411305,0.8802579812835762,0.8594533837579021
Aurora-A,RND_07,0.6380942434318896,0.5896061663727721,0.5987535099907965,0.8517174206284692,0.9069810180733827,0.8968161237409783
Aurora-A,RND_08,0.7060664187464769,0.6651535526550754,0.6429830658304712,0.7782945729585868,0.8306962440825038,0.8577560840894484
Aurora-A,RND_09,0.6834564815883971,0.6519523983289104,0.6345337806118383,0.818136882460124,0.8578840268051046,0.8790890677012536
Aurora-A,SCAF_00,0.5949494662414441,0.5015138458286408,0.5273025811528962,0.8991748388976605,0.9975073200113028,0.9713621052932325
Aurora-A,SCAF_01,0.5973538878588738,0.5471728822079609,0.5224882332993237,0.9044119961236384,0.9591151976439894,0.9849101159816861
Aurora-A,SCAF_02,0.5888052712222618,0.46959987656543967,0.5443590830910632,0.9124761963653761,1.03633360887084,0.9605260178532915
Aurora-A,SCAF_03,0.5853339890280361,0.5229881155121212,0.5244666217399149,0.8435081315385986,0.9047001323400068,0.9032969777070368
Aurora-A,SCAF_04,0.31770243965855594,0.08193272462629653,0.1646710376482351,0.9392816092621941,1.0895474874036648,1.0392922281528518
Aurora-A,SCAF_05,0.5434085764166312,0.496503857173734,0.523120820604948,0.8825733281035791,0.9267978076431515,0.9019679474066772
Aurora-A,SCAF_06,0.5604810057278244,0.5678481976747807,0.5271326863778463,1.0222016489039112,1.0135984023275866,1.0602722635196358
Aurora-A,SCAF_07,0.5651164783070346,0.5404910351652036,0.5309950020093406,0.9467077866206214,0.9731425619636677,0.9831464346595852
Aurora-A,SCAF_08,0.5430168799888653,0.4642732943490532,0.4054677276536117,0.9140288774281186,0.9896496735767009,1.0425515891302262
Aurora-A,SCAF_09,0.5342867702517771,0.4322122082342347,0.3678118509757131,0.9153395231122871,1.0106853079312488,1.0664637610515997
B-raf,RND_00,0.7896174423507574,0.7361004075418036,0.7585800799372221,0.5887516827623434,0.6593965277576596,0.6306869532678148
B-raf,RND_01,0.7403224391525396,0.6597967828192242,0.678075087976203,0.6444053926785002,0.7375834487916336,0.717495608695867
B-raf,RND_02,0.7774139476847272,0.7261140208719699,0.7134614590473531,0.5856336721663391,0.6496238574061158,0.6644596122316626
B-raf,RND_03,0.7215765544491142,0.6878603568492441,0.7042548555360166,0.7048196092633139,0.7462761138271053,0.7264134688744479
B-raf,RND_04,0.7539381811337809,0.7042748004863824,0.6860169508204563,0.6362730464215295,0.6975343157855812,0.7187444638929017
B-raf,RND_05,0.7427006909527674,0.6596999189177752,0.7139471729809443,0.6289508667904652,0.7233166068165583,0.6631633734598121
B-raf,RND_06,0.738569050571664,0.6325271914410882,0.6356145679655094,0.6397901351009633,0.758528046987687,0.7553348837433355
B-raf,RND_07,0.7190567821412195,0.613608976972372,0.6430498074759066,0.6664502613730839,0.7815773775085084,0.7512115846282653
B-raf,RND_08,0.7638432023874796,0.6801539785979545,0.7600479187917686,0.6266211813704806,0.7292481263779451,0.631636336721896
B-raf,RND_09,0.7281649764556833,0.6780480014407326,0.6727839253474897,0.6521928889749913,0.7097720877829897,0.7155511252193935
B-raf,SCAF_00,0.674947729591016,0.591458178397742,0.6410685313481406,0.7190557345090404,0.8061283834245943,0.7555996015358495
B-raf,SCAF_01,0.6386222355309614,0.587703340739139,0.6076490791929272,0.8566883418670889,0.915054690110185,0.8926464486741016
B-raf,SCAF_02,0.6603589395148235,0.5371859342898111,0.598353621344242,0.5825788764659935,0.6800610696908483,0.633529098720471
B-raf,SCAF_03,0.5556882521607761,0.4914723972488805,0.5232695334376167,0.8775507544960695,0.9388270871327438,0.9090019177571711
B-raf,SCAF_04,0.6430715309754407,0.6363153629857181,0.5945609310366828,0.7981557793179576,0.8056743658710399,0.8506675494476649
B-raf,SCAF_05,0.5355027376200839,0.45076173933378294,0.47277456179962296,0.8947543606342483,0.9729547347366109,0.9532579205624239
B-raf,SCAF_06,0.705740109262514,0.6836504041700174,0.6875387358929314,0.8192411325787593,0.8494344229116004,0.8441979774539909
B-raf,SCAF_07,0.5122018848210057,0.38255962623936923,0.44140305813615577,0.7982622742726241,0.8980966122963349,0.8542300069037906
B-raf,SCAF_08,0.59396860331898,0.547573292265266,0.5179389421997376,0.8088728242980587,0.8538361798373487,0.8813561937371385
B-raf,SCAF_09,0.6940745452818111,0.6037775805936729,0.6639133713978522,0.7675529319826906,0.8735143635278838,0.8045001788074324
COX-1,RND_00,0.36098863331900155,0.2343366044243811,0.2229911390521202,0.7287847464952484,0.7977446954785197,0.8036333815300079
COX-1,RND_01,0.41886253750250035,0.3426383326062088,0.2873861513402922,0.6273918175881821,0.6672700031497338,0.6947467806272984
COX-1,RND_02,0.35798986042973846,0.3079299796927679,0.3021432137700538,0.7661719567206873,0.7954819444730586,0.798800745389977
COX-1,RND_03,0.40468706723806125,0.3911839381864819,0.30829262201350527,0.7231801852010192,0.7313359294781262,0.7795340025884955
COX-1,RND_04,0.4544587780820335,0.4267584661282168,0.3713499468541389,0.630181821897542,0.6459827338278145,0.6764824959874733
COX-1,RND_05,0.4570072290883006,0.40996146186124505,0.25411747289666875,0.6531543392149066,0.6808618205974754,0.7655155365508104
COX-1,RND_06,0.3260375883840064,0.27944789368206135,0.24039813705194035,0.7171649989574456,0.7415389095573554,0.7613673669900198
COX-1,RND_07,0.4532730862804606,0.37487594748217556,0.3697720393641005,0.6713441651184184,0.7178655241229026,0.7207901207669064
COX-1,RND_08,0.43301230492196385,0.33082234152113166,0.3640594314488891,0.6822451034138969,0.7411810838994587,0.7225399685532395
COX-1,RND_09,0.4461591408858929,0.4362217937423699,0.3083060407077034,0.684903566901637,0.6910207261480155,0.7654096322756468
COX-1,SCAF_00,0.24994497218318645,0.060645216573964156,-0.0054111929654334645,0.7884273776674918,0.882327791483893,0.9128238760796099
COX-1,SCAF_01,0.2398398241150249,0.10705219706144464,-0.025161799692301257,0.7389987992873734,0.8009477994058328,0.8581977733490098
COX-1,SCAF_02,0.1928684833253066,-0.02911204159164482,-0.3000088752952985,0.719231086922662,0.8121338780677501,0.9127870208500583
COX-1,SCAF_03,0.21059765323749102,0.03371954172591962,0.02960908257601047,0.7483356456529138,0.8279399223501246,0.8296990398230862
COX-1,SCAF_04,0.24578687810420385,0.19149497562426487,0.06565991823733675,0.7878992620229283,0.8157648967979739,0.8769526435291287
COX-1,SCAF_05,0.31816241273536583,0.1815771927984422,0.18266208382631643,0.7509008322789729,0.822680073318129,0.8221346252951461
COX-1,SCAF_06,0.08731737243527149,-0.062458856350355196,-0.3195495798071366,0.8217636925512473,0.8866314202953457,0.9880977572410399
COX-1,SCAF_07,0.1342352566519125,0.04572470252085126,-0.09256254176061751,0.85432034410192,0.896928122709641,0.9597186927991025
COX-1,SCAF_08,0.1815029081794567,0.022730901303401163,-0.03214347679990737,0.7813614093885802,0.8537888345880986,0.8774319084936137
COX-1,SCAF_09,0.2823412925056831,0.2156193114396504,0.0058880836759269695,0.7497569820867503,0.7838356030035688,0.8824277952901188
COX-2,RND_00,0.5710092023219313,0.5252083460410821,0.5029580098085977,0.7627319285817259,0.8024158094153802,0.8210024977289654
COX-2,RND_01,0.5946969458492786,0.5365506278135936,0.5480370746490103,0.7538811967860695,0.8061467774261561,0.7960940511175696
COX-2,RND_02,0.5744328985949105,0.5148114269290069,0.49308187383381374,0.7909789301691446,0.8445710163734218,0.8632762675288196
COX-2,RND_03,0.610031368648491,0.5700425581031463,0.5207090926990554,0.7494178537606887,0.7869043268667533,0.8308235402351377
COX-2,RND_04,0.6256595495711168,0.56399981928719,0.549013478188036,0.7007130093840835,0.7562234422787528,0.7691102206937984
COX-2,RND_05,0.5796499084861991,0.5585399406268616,0.512029879699363,0.7656063525277883,0.7845952306169645,0.8248910091224027
COX-2,RND_06,0.5638194594688337,0.45102312505427944,0.498715588080189,0.7577950765528132,0.8501502002621275,0.8123828303943523
COX-2,RND_07,0.6277846264791974,0.5787738632029681,0.5562579705696137,0.7201750785740625,0.766123159139057,0.7863324855713147
COX-2,RND_08,0.6106014697780775,0.5194767855733693,0.5397602109153496,0.755976799097657,0.839785748174172,0.8218705037217602
COX-2,RND_09,0.5977656352039076,0.5653100081298497,0.5532548115817995,0.7588569926132595,0.7888786001687145,0.7997427217538433
COX-2,SCAF_00,0.41566074423208876,0.17518054412219697,0.2655905064879859,0.8372804004038783,0.9947589192303269,0.9386583214942729
COX-2,SCAF_01,0.20604175747696674,-0.007310783120096698,-0.08051795530423456,1.1493252064600834,1.294570905065217,1.3407879393225286
COX-2,SCAF_02,0.2803317921430636,0.178533433809972,-0.11972981545607286,1.0865398432979205,1.1608455577442003,1.3553021238146825
COX-2,SCAF_03,0.32622255701548253,0.07620712114561867,0.20600761135224765,1.0215937494676335,1.196209641268502,1.1089913609051736
COX-2,SCAF_04,-0.0622330734964569,-0.10059600180242967,-0.07191540581665645,1.087091885180408,1.1065481325068343,1.0920351073803574
COX-2,SCAF_05,0.1880312406501724,0.04882114612819499,0.06809594562059362,0.8841925290230405,0.9569919274430583,0.9472460034673523
COX-2,SCAF_06,0.27646735845391646,0.17674700825538925,0.176481864123043,1.0245489625310362,1.0928745494293308,1.0930505256780785
COX-2,SCAF_07,0.3044664269530317,0.09411271875081373,0.14703377782847515,0.9125778465284559,1.0414728523125538,1.0105941720290224
COX-2,SCAF_08,0.29742939582801886,0.21648921847347113,0.23057169422960744,0.9472759642011763,1.0003547045704617,0.9913239758056945
COX-2,SCAF_09,0.24730701022681634,0.1723339603961378,0.1267948340612982,0.9983068532357637,1.0468457272084897,1.0752594425236508
Cannabinoid,RND_00,0.6780814627732515,0.6145525917739765,0.6085086935908641,0.6681609206374998,0.7311233312614194,0.7368331211049143
Cannabinoid,RND_01,0.7296943508985467,0.6605758068329535,0.6650844800903575,0.6895194279405759,0.7726634048232844,0.7675144892570303
Cannabinoid,RND_02,0.6163752021642561,0.5114018940753126,0.509125667433011,0.6841644015903473,0.7721168433847958,0.7739132796953319
Cannabinoid,RND_03,0.623633743476119,0.494541798410829,0.46933978036404866,0.7438300069193805,0.8620073690467822,0.8832357123488417
Cannabinoid,RND_04,0.6437655804009074,0.47465798748269006,0.5053609122250124,0.68145068968448,0.8275372706721575,0.8029910638163553
Cannabinoid,RND_05,0.6511576508246093,0.5431810692121999,0.5649345119789573,0.7055108841465482,0.8073487243471988,0.7878915337921961
Cannabinoid,RND_06,0.6933528666932666,0.618258791321719,0.5588077401229856,0.6304831830877007,0.7034586507259031,0.7562545401594577
Cannabinoid,RND_07,0.6579297225123376,0.5901838936618085,0.5972944103519173,0.7243186550069356,0.792805240348067,0.7858973595079513
Cannabinoid,RND_08,0.6609602269456682,0.6483339535546442,0.6356574271094091,0.7368712670366674,0.7504668575145657,0.7638731737567745
Cannabinoid,RND_09,0.6532044218867168,0.5898382383297693,0.5931099456010709,0.7257502191758021,0.7892743421047457,0.7861201661835667
Cannabinoid,SCAF_00,0.4904456413106131,0.4773677684586055,0.45280606637649146,0.8373922297347742,0.8480701183934909,0.8677693433714387
Cannabinoid,SCAF_01,0.6409580723048358,0.5256022659378324,0.555085058112363,0.7311523740695242,0.840439806308207,0.813905168962504
Cannabinoid,SCAF_02,0.5752368241044998,0.5567169032181373,0.5191232037770188,0.8774289759261736,0.8963531070538794,0.9335884140562964
Cannabinoid,SCAF_03,0.44140416951914185,0.3127685181090045,0.2998924164774518,0.7983673830354234,0.8855344555889735,0.8937917298103885
Cannabinoid,SCAF_04,0.5305781761975543,0.4998309443874107,0.3629277219963545,0.7582619740481497,0.7827012882602429,0.8833483305701322
Cannabinoid,SCAF_05,0.52623188737444,0.3989380994637882,0.3927994466461524,0.8029306083065925,0.9043878112627499,0.9089943415991575
Cannabinoid,SCAF_06,0.5437427624151913,0.49353208515617564,0.5326647088128531,0.832038810620391,0.876626651309182,0.8420792974443011
Cannabinoid,SCAF_07,0.5221872180822169,0.44674136866656644,0.4505848321416447,0.8638402335701474,0.9295412024889236,0.9263068344394223
Cannabinoid,SCAF_08,0.5364086685171094,0.4636693180360154,0.5648801244626052,0.8319611252148796,0.8948530063917768,0.8060089069509814
Cannabinoid,SCAF_09,0.5236372713570384,0.4633856703563045,0.548797566411056,0.8517092519704058,0.9039691526289229,0.8289115564546916
Carbonic,RND_00,0.8139230755511037,0.7694051478251858,0.78596566187715,0.6039782600294259,0.6723568764369033,0.6477639491802903
Carbonic,RND_01,0.8250513203041364,0.7615431866044156,0.7953965733402422,0.5425124976688189,0.6333726131467093,0.5866929426944388
Carbonic,RND_02,0.7480484328571348,0.6686777978739781,0.682013669925841,0.6204247927818306,0.7114688363306644,0.69700330523183
Carbonic,RND_03,0.7810508531913681,0.6875208426961559,0.7025930368826743,0.6324407247712205,0.7555422001094284,0.737095509244991
Carbonic,RND_04,0.8753274595307198,0.8515412168975336,0.8562616205111852,0.48372343865530454,0.5278550429995739,0.519395400017047
Carbonic,RND_05,0.8186854462293534,0.7812769654830679,0.7958352170753893,0.5632959410226822,0.6186820991186108,0.5977377778727297
Carbonic,RND_06,0.8405129226164261,0.8020286042264728,0.8159158346096215,0.5611588806593669,0.6252076925973056,0.6028805970443926
Carbonic,RND_07,0.8552908923448413,0.8291417289730129,0.8219579647348803,0.5021155963876122,0.5455992721219483,0.5569510842302594
Carbonic,RND_08,0.7678442179212626,0.7448676613203808,0.7502430451409386,0.6120065734254279,0.6415774476858088,0.6347827695420097
Carbonic,RND_09,0.8163877168418036,0.730849831447883,0.8181991266493325,0.5976531732117031,0.7235952250171592,0.5946978204633474
Carbonic,SCAF_00,0.652470551389144,0.5625655325197414,0.5070499920164435,0.6765039439082677,0.7589812151659658,0.8057048281569479
Carbonic,SCAF_01,0.6171440477694761,0.6363338405104093,0.5848063294211843,0.6022588225081345,0.5869713637727398,0.627178022061423
Carbonic,SCAF_02,0.683269859851432,0.6464040499204224,0.6289422465523223,0.7259004016720064,0.766983429689227,0.7856933831186429
Carbonic,SCAF_03,0.5273465428257524,0.3580487146926199,0.26408633218879407,0.8102415262616304,0.9442654831488732,1.0110124712288069
Carbonic,SCAF_04,0.5942374252966609,0.5968479226243113,0.4053551556649354,0.8753448348557196,0.8725245001662646,1.0596733408886116
Carbonic,SCAF_05,0.558118194220544,0.49002258501569096,0.542783714679631,0.5664761353193498,0.6085608783147696,0.5762214273140549
Carbonic,SCAF_06,0.7383314700253463,0.679889874985177,0.7772373655396572,0.7537408776088049,0.8336735583751438,0.6954525347710926
Carbonic,SCAF_07,0.7848370198311738,0.8308335440584333,0.7996793097689578,0.7405491395021324,0.6566398440240548,0.7145506360364343
Carbonic,SCAF_08,0.7437582928887809,0.7856677739215616,0.7587118733025003,0.7301165507738054,0.6677455788698029,0.7084925041607913
Carbonic,SCAF_09,0.567351655082883,0.47652843455825367,0.3469149181391211,0.8145803065389693,0.8960101533699153,1.0008091440055202
Caspase,RND_00,0.8178348938918901,0.8076540526687761,0.8221324777939786,0.5316773912922826,0.5463326021861338,0.5253683732583593
Caspase,RND_01,0.7183497542870749,0.6857097320011808,0.7048334436665302,0.6157892821729078,0.6504928467701591,0.6303919123849983
Caspase,RND_02,0.7898806963574119,0.7772218778081383,0.7881716367658563,0.5480698654059104,0.5643378989105485,0.550294285201485
Caspase,RND_03,0.7617352530251891,0.714891445750119,0.7533617874210774,0.6119217559236608,0.6693775198168648,0.6225814567121153
Caspase,RND_04,0.7844931675386492,0.780313243500911,0.7594354293352266,0.5495721760394694,0.5548762719727691,0.5806441414447511
Caspase,RND_05,0.8302620558395413,0.795052607745274,0.7921452775170467,0.5020379725427799,0.5516559370456573,0.5555549816205332
Caspase,RND_06,0.7419110899155212,0.7217327156115964,0.6889373895371931,0.5829915508485027,0.6053529508578089,0.6400317153930335
Caspase,RND_07,0.7905564897114186,0.7711548681388644,0.7712519650747359,0.5365541500791903,0.5608554487729873,0.560736453182462
Caspase,RND_08,0.8194801787844266,0.804186017042624,0.8243888472248494,0.5251807634083407,0.5469759275490855,0.5179912333509528
Caspase,RND_09,0.8312298235103858,0.8375511846880277,0.8299786410714716,0.4967587228385002,0.48736678050213833,0.49859669003845425
Caspase,SCAF_00,0.6892348662543113,0.6834086982278882,0.6399721684695089,0.6343292198375958,0.6402477529917262,0.6827577067041806
Caspase,SCAF_01,0.6351569556103012,0.5758420589164296,0.5803689853957892,0.7444635672055063,0.8027017588901116,0.7984067555967235
Caspase,SCAF_02,0.6772796923689645,0.6047337883986206,0.6112726555895707,0.6357129217404683,0.703546387438707,0.6977027543376423
Caspase,SCAF_03,0.6122101435577199,0.5316109731424908,0.5834079172436846,0.7979076559664036,0.8769155388272066,0.8270083904565079
Caspase,SCAF_04,0.7524982868210381,0.7522565258138619,0.7385238556730818,0.5899647219882317,0.5902527920181396,0.6063913176959602
Caspase,SCAF_05,0.660369176116213,0.5507572454539738,0.6033869530598125,0.7336571774670346,0.8437818164552825,0.7928173024848546
Caspase,SCAF_06,0.6244326553835495,0.5743166122681497,0.5557740200359388,0.726493363431817,0.7734479463443162,0.7901139263083385
Caspase,SCAF_07,0.6625010229994228,0.5998585546273048,0.6527808375236306,0.6537872669102555,0.7118803346719479,0.6631351830154854
Caspase,SCAF_08,0.7487066614993444,0.7146195453193587,0.6882935070743954,0.6135887077410863,0.6538813990186618,0.6833761138878525
Caspase,SCAF_09,0.6771062467372497,0.6502296239312225,0.6815965169362239,0.6701241846163868,0.6974562689347896,0.6654483846350691
Coagulation,RND_00,0.6169628535709795,0.509756007061529,0.5262330787299025,0.7857598310187821,0.8889462806180661,0.8738798874850797
Coagulation,RND_01,0.5072677055614669,0.4097070285902432,0.41523745829348124,0.8788187715135694,0.9618948890305087,0.9573783091044019
Coagulation,RND_02,0.5172350292533725,0.4416917142676643,0.4510935678161967,0.9203506987108956,0.9897431570601545,0.9813741883388047
Coagulation,RND_03,0.5106254256431082,0.4490341245757591,0.5009935785836385,0.9201714329731623,0.9763609383793009,0.9291826943753858
Coagulation,RND_04,0.5857909439395528,0.5692295498620172,0.6003362804131498,0.8368009811531436,0.8533660043604905,0.8219771574739009
Coagulation,RND_05,0.5508328554791202,0.4088947685713008,0.4299762992398911,0.817192105508701,0.9374596271553163,0.9205907960985474
Coagulation,RND_06,0.5325320061102099,0.43216076740382836,0.4775200079691321,0.8514807597130166,0.9384509878659532,0.9001890593454032
Coagulation,RND_07,0.5363077580030252,0.4802977201890811,0.5083503525236438,0.8775218092367435,0.9290098420072713,0.9035888641632019
Coagulation,RND_08,0.6037526843965715,0.514859706259295,0.5409780186509856,0.7808452432891695,0.864003448529719,0.8404241897360702
Coagulation,RND_09,0.6308863115643537,0.5938935188921508,0.6048495408494862,0.796712247034711,0.8356826349835107,0.8243329564165484
Coagulation,SCAF_00,0.43713964825726015,0.31491868040919857,0.29265276798293227,0.9616123807547389,1.06089103673172,1.0779932626386337
Coagulation,SCAF_01,0.48714572009702417,0.38958884785501713,0.38666516794021677,0.9436965464586318,1.029548009758308,1.0320106721041051
Coagulation,SCAF_02,0.4532098980550492,0.42499166037327574,0.3016462022864338,0.9533193481525316,0.9776089231774135,1.0773723731253166
Coagulation,SCAF_03,0.4392228360754854,0.4161100276419136,0.3059485833118307,0.9161261967532027,0.9348149527256234,1.0191919026657132
Coagulation,SCAF_04,0.422147855104852,0.19292409102691455,0.36017743097643884,0.9478459832236016,1.1201768705696995,0.9973766275649141
Coagulation,SCAF_05,0.5815433255345048,0.5061485381530758,0.5230973517289488,0.859433014646265,0.9336518348007652,0.9174906565864331
Coagulation,SCAF_06,0.44736586609175877,0.369048757480851,0.359375665521242,0.9491812953873936,1.0142107707809709,1.021955615054209
Coagulation,SCAF_07,0.4463331858116547,0.34199383908719294,0.39388352153129413,0.9380736208593083,1.0226514931205266,0.9815009458901273
Coagulation,SCAF_08,0.5248333176417321,0.36374725496374005,0.4715295052694206,0.8695706517707962,1.0062287403398469,0.9170483961603458
Coagulation,SCAF_09,0.3642957260421045,0.30610900991539935,0.26568031961540794,0.977808540921919,1.0215788309608442,1.05091803393854
Dihydrofolate,RND_00,0.44189676773817754,0.3836918411359901,0.49036083757708115,0.8254467489008538,0.8674226357023266,0.7887932565459396
Dihydrofolate,RND_01,0.5149670393510577,0.4579218621494221,0.5237359096360157,0.7819052570378898,0.826607712621175,0.7748050196818096
Dihydrofolate,RND_02,0.580519947536076,0.5622867552285531,0.4898303689380741,0.762819393084285,0.7792214746133183,0.8412466931769854
Dihydrofolate,RND_03,0.6120839034896122,0.5554107132511445,0.6304786166148417,0.7769721465286001,0.8317945037551296,0.7583266823350431
Dihydrofolate,RND_04,0.48392197692460404,0.32792872341943846,0.38454101175339583,0.8391862529752278,0.9576533794868969,0.9164319832668216
Dihydrofolate,RND_05,0.6264513201453368,0.5846072322077093,0.5998033080551626,0.716466508913409,0.7555300749342571,0.74158175848014
Dihydrofolate,RND_06,0.529818169307986,0.4495002763034027,0.44072061743969215,0.7705314816998333,0.833750329967207,0.8403725748368857
Dihydrofolate,RND_07,0.5549882230491455,0.4453746175237434,0.4815129445029366,0.7969021195074768,0.8896498303940203,0.8601777188187253
Dihydrofolate,RND_08,0.43833493501983034,0.25576231175758324,0.35301697562562184,0.8023712883385122,0.9236182446991484,0.8611585474978168
Dihydrofolate,RND_09,0.5476782837274354,0.5055930708272177,0.5185543057738966,0.798079895804604,0.8343819982905093,0.8233723993954609
Dihydrofolate,SCAF_00,0.023993538022920924,-0.08662808512662568,-0.14099541293627582,1.2037441996350127,1.2701304378859617,1.301516895235438
Dihydrofolate,SCAF_01,0.21800189949280857,0.09767538114358465,0.15394922325078042,1.042871939976255,1.1202360296329017,1.0847417292035948
Dihydrofolate,SCAF_02,0.23270158272958075,0.16871028617862172,0.1940361872815668,0.7686053677064449,0.8000137756249668,0.7877329887616159
Dihydrofolate,SCAF_03,0.44694447936855963,0.34236124706398974,0.33803239457245626,0.7439167050288079,0.81121065017652,0.8138761344163485
Dihydrofolate,SCAF_04,-0.0016794697432749306,-0.21125085741598215,-0.16665061349674248,1.1027901312046755,1.2126780965776485,1.1901423010696892
Dihydrofolate,SCAF_05,0.07970251386110083,-0.023745534084042896,-0.071953210056664,1.0061990262866718,1.0612453124733374,1.08594464840745
Dihydrofolate,SCAF_06,0.20477338380517385,0.08309916879716694,0.17902949035819948,0.9215378419166423,0.9895298582736588,0.9363355195321181
Dihydrofolate,SCAF_07,0.29184969119888493,0.30287456612419816,0.3388156877544136,0.8918216879674973,0.8848522694471173,0.8617406411821597
Dihydrofolate,SCAF_08,0.3250383351373307,0.3634719026630051,0.35118748974391223,0.9109783371029143,0.8846618218311973,0.8931576114393864
Dihydrofolate,SCAF_09,-0.08114640427248698,-0.265849161491444,-0.2533183525412044,1.1947622286033173,1.2927966239401174,1.2863819267426766
Dopamine,RND_00,0.5444192649078969,0.48760485815849797,0.46348209543366803,0.7103600671663245,0.7533527290134641,0.7708821223383882
Dopamine,RND_01,0.5782139944778724,0.46800603769367555,0.5464089887467085,0.707664968625081,0.7947581057857465,0.7338610435051752
Dopamine,RND_02,0.4991915231367198,0.3784831941292658,0.32339411627456316,0.70598687592868,0.7864791800838851,0.8205946423168808
Dopamine,RND_03,0.5637170211959563,0.5490615395305312,0.5576800164793698,0.723502884231215,0.735554354418809,0.7284913716437765
Dopamine,RND_04,0.5382934151229899,0.48718688863666426,0.4870841718007419,0.7152384254884023,0.7537847804795716,0.7538602685171721
Dopamine,RND_05,0.5185339418217048,0.4954068683951186,0.33936241819674284,0.6860077397960892,0.7022905827946919,0.8035775876193355
Dopamine,RND_06,0.6137683042493078,0.5380221174798898,0.5366054886416289,0.6854391564497639,0.7496448242737666,0.7507933160588249
Dopamine,RND_07,0.5417740105294132,0.5205278728686447,0.43060158641685164,0.704090146951732,0.7202281485521451,0.7848678403463424
Dopamine,RND_08,0.316589191333819,0.2610459678209749,0.24650742258852887,0.8761851731817852,0.9110950556025142,0.9200140662456773
Dopamine,RND_09,0.5611379062893327,0.5000923612064077,0.4888379465189644,0.7147547909006307,0.7628478493782952,0.7713870484021366
Dopamine,SCAF_00,0.3147427687688614,0.21110805013604772,0.23045077316420792,0.7961418401081253,0.8542252348434097,0.8436879333580274
Dopamine,SCAF_01,0.11531476233433224,0.11244316082107553,0.046316438568377194,0.8855242243245419,0.886960222382223,0.9194078434349306
Dopamine,SCAF_02,0.30014642982293016,0.035435856151331824,0.2599021471240973,0.89836961048656,1.0546710329665634,0.9238384496150011
Dopamine,SCAF_03,0.22984527407435085,-0.05671224038223999,0.025051638689911893,0.8585900033924094,1.005715640900331,0.9660233903323757
Dopamine,SCAF_04,0.284646262094446,0.07967801375996098,0.3010356368611462,0.815547770551811,0.9250365184786665,0.8061511842205531
Dopamine,SCAF_05,0.1668275373306205,0.090149534105888,0.1566605096959799,0.8318321474713555,0.8692671294195211,0.8368920939389439
Dopamine,SCAF_06,0.322552796147483,0.17440729903771113,0.23575713902553863,0.7854877416856128,0.8671307890402268,0.8342906565275661
Dopamine,SCAF_07,0.2058309065674766,0.005123457867402648,0.11434623394742593,0.8469221157622634,0.9479197641234669,0.8943735969570945
Dopamine,SCAF_08,0.28905445972231747,0.1089332690710395,0.2288543634437048,0.8912255934095497,0.997756572037341,0.9281917101078084
Dopamine,SCAF_09,0.18596509292365537,0.14291122726456018,0.05808574770901431,0.8295637797907709,0.8512187288509858,0.8923473775201196
Ephrin,RND_00,0.6396200343401424,0.5745476156898891,0.586146110067014,0.6489908419484544,0.7051536034566426,0.6954753943754123
Ephrin,RND_01,0.6036442044559557,0.5743582859158676,0.587973581726304,0.6883942004839324,0.7133730331576756,0.7018707242637655
Ephrin,RND_02,0.6482373486825599,0.6107816239494889,0.6132491851030669,0.6468711357768362,0.6804395958269178,0.6782792456822399
Ephrin,RND_03,0.6405834661767416,0.6152071713175318,0.5910077954992095,0.6481296084621432,0.6706197211755919,0.6913856337411508
Ephrin,RND_04,0.5989478837129767,0.5621018581750814,0.5796296659605589,0.7154855028792177,0.7476304537797561,0.7325148986761079
Ephrin,RND_05,0.6680171077835583,0.6067272419473877,0.6281869961667834,0.6031268955223789,0.6564441395513341,0.6382827843948821
Ephrin,RND_06,0.6708003819630755,0.6238089224128359,0.6146868639510282,0.6099187955964052,0.6519985068129607,0.6598561416837035
Ephrin,RND_07,0.6444212318263547,0.6219047364903145,0.6352798798027441,0.6760934456905525,0.6971711926932487,0.6847289284746358
Ephrin,RND_08,0.637563919867234,0.5753325478598509,0.6100823154277116,0.6555762598389413,0.7096300439450479,0.6799766073675408
Ephrin,RND_09,0.699853433249063,0.6495453217982117,0.652154868264667,0.5960421486367465,0.6440598291219222,0.6416574579130585
Ephrin,SCAF_00,0.33335623227894184,0.21714981279313827,0.1692890952311049,0.8506366669628973,0.9217996043564284,0.9495594128920677
Ephrin,SCAF_01,0.550401222316443,0.5251976984026958,0.4811354878158649,0.8236908488635655,0.846463211643261,0.8848683553477279
Ephrin,SCAF_02,0.6043556469501986,0.5288327714889192,0.4921674705468142,0.7291605639169799,0.7957162447293472,0.8260968089397177
Ephrin,SCAF_03,0.35571091052544446,0.2973392125834141,0.23127360138185682,0.8617157407809892,0.8999046516628211,0.9412598529450439
Ephrin,SCAF_04,0.38506932778636305,0.24700538731636257,0.37345298776024527,0.7981694778097663,0.8832384620471628,0.8056731119498561
Ephrin,SCAF_05,0.4782253839735815,0.40352720808717124,0.3559427200460714,0.7764849762789301,0.830207978509159,0.8626881458236628
Ephrin,SCAF_06,0.49729888318351256,0.2552873295257887,0.3744488761215038,0.706819307148384,0.8602958946126059,0.7884694726140116
Ephrin,SCAF_07,0.4527619218473712,0.4026746548921032,0.3449125591604981,0.8262641860627324,0.8632493216591036,0.9040249384113872
Ephrin,SCAF_08,0.5329702553400084,0.5037941258792025,0.38002484212834464,0.7873659951013612,0.8115874719682349,0.9071759491661597
Ephrin,SCAF_09,0.49220237896805374,0.39423169175540773,0.4245821236579287,0.7857049338051744,0.8581583324581699,0.8363842081334765
Estrogen,RND_00,0.8154739687116084,0.7720851416734462,0.8145092052071443,0.6095107068230994,0.677390088423664,0.6111019920070896
Estrogen,RND_01,0.7892108171496077,0.7249747162325639,0.7795775288079904,0.6237751216108591,0.7125087468079686,0.637869479817098
Estrogen,RND_02,0.8056474535897724,0.7582126078732165,0.7905918059775283,0.6099774640497166,0.6803548703074661,0.6331629708573238
Estrogen,RND_03,0.8018787508413062,0.7679075484558721,0.7838328518607738,0.5915813694864795,0.6402940521888665,0.6179364394755923
Estrogen,RND_04,0.7974629924513501,0.7529933922891452,0.7785142504117842,0.6141995016865776,0.6782839660004825,0.6422885199978217
Estrogen,RND_05,0.8314674832678068,0.8204498211887399,0.7966389241756043,0.5641574196625327,0.5823061435645591,0.6197155112180059
Estrogen,RND_06,0.8226993646937618,0.766463656824744,0.7898263685340206,0.5534686350169534,0.6352067528263322,0.6025970242836055
Estrogen,RND_07,0.7849663727970266,0.7281621845894088,0.7803200752886889,0.6343659197071625,0.713249684970582,0.641182762553106
Estrogen,RND_08,0.7971332218588693,0.7723628456043324,0.7595166100507451,0.6194919500604689,0.6562234947815818,0.6744856961577974
Estrogen,RND_09,0.8116815356773698,0.7605327286909054,0.778021858494897,0.5824355769174918,0.6567869664739848,0.6323485814304611
Estrogen,SCAF_00,0.6937806171374197,0.6105708371869295,0.6101620059626714,0.678180147037621,0.7647913533240159,0.7651926953344235
Estrogen,SCAF_01,0.7300408064035032,0.7059932208669036,0.6695750370092894,0.6967697310741281,0.7271414250367434,0.7708620041769845
Estrogen,SCAF_02,0.7176809588814463,0.6719138350081055,0.6978234194254263,0.7551604210691466,0.8140725171710842,0.7812670998729615
Estrogen,SCAF_03,0.7523253387090018,0.7518194508249861,0.7708873729490336,0.7373104928345553,0.7380631054987568,0.7091435190013746
Estrogen,SCAF_04,0.7530158292542531,0.6909087709020765,0.6402999072006101,0.6532642189712377,0.7307985080488435,0.7883600098003339
Estrogen,SCAF_05,0.7929573373013628,0.7255253499332686,0.7673627496204574,0.6595365902764355,0.7593816396418388,0.6991149682178233
Estrogen,SCAF_06,0.7560208754991119,0.7062550584966536,0.7385768832104669,0.6855316275655537,0.7522052497323496,0.70961560260863
Estrogen,SCAF_07,0.7191698755784219,0.6660692103952612,0.7144970542306841,0.6939743790647642,0.7567454579811032,0.6997241892120625
Estrogen,SCAF_08,0.6543822331733467,0.5765306249308029,0.5354206364861102,0.7475217537900316,0.8274405680397577,0.8666739902349748
Estrogen,SCAF_09,0.5736225787444873,0.5471155800728131,0.5244100293785352,0.8405046241822253,0.8662369361495237,0.8876859612485876
Glucocorticoid,RND_00,0.656380649415087,0.579039251844151,0.5870507373008609,0.5519773070182172,0.6109465521843624,0.6051050319587384
Glucocorticoid,RND_01,0.7324684459470988,0.6467214233124151,0.6809268160269721,0.5195657160540857,0.5970512761282991,0.5674114991895528
Glucocorticoid,RND_02,0.6468758743492162,0.5523335753924775,0.5877049479805944,0.5726696158638659,0.6447891308567082,0.6187917400203223
Glucocorticoid,RND_03,0.6404220672101886,0.5732434781903282,0.5828113933788437,0.5725764600742125,0.6237736959827906,0.6167415291536916
Glucocorticoid,RND_04,0.6816769291171333,0.5814813467797627,0.6285253674836719,0.5558699692375586,0.6373772581640706,0.600487173114841
Glucocorticoid,RND_05,0.7138750382172918,0.6428423746951106,0.6706781156118253,0.497890757918427,0.5562706602980553,0.534154002317495
Glucocorticoid,RND_06,0.6502647202612339,0.5506224461871856,0.5902714740279975,0.5998609016016788,0.6799649420738914,0.6492753790857425
Glucocorticoid,RND_07,0.7020829355879687,0.6733169065764774,0.6842936848796013,0.5497914825533754,0.5757230893009001,0.5659680981676332
Glucocorticoid,RND_08,0.7047088371364769,0.6764707758956077,0.7040619406514788,0.5585308918390753,0.5846268155445566,0.5591423459740791
Glucocorticoid,RND_09,0.7200698833800291,0.6322909465033726,0.6940240051994486,0.5474754243100172,0.6274685713815518,0.5723787396800377
Glucocorticoid,SCAF_00,0.6341866350575511,0.5241270251739368,0.5994951516840081,0.6156570939889424,0.7021899747341762,0.6441885374258378
Glucocorticoid,SCAF_01,0.5674813756801994,0.4095270714867454,0.5174810983648643,0.6401154867368978,0.7479213378591888,0.6761033585143332
Glucocorticoid,SCAF_02,0.4956102502871066,0.43643902241883814,0.5005092025942132,0.7443089675045812,0.7867569395085127,0.7406855480441676
Glucocorticoid,SCAF_03,0.5261141502096113,0.49800333794585316,0.5941748311145223,0.7324500251824404,0.7538614622156419,0.6778141280927302
Glucocorticoid,SCAF_04,0.5053929525096575,0.36501754587368707,0.4533808725826275,0.7056790785289839,0.7995726942954232,0.7418558131577335
Glucocorticoid,SCAF_05,0.5671999667307891,0.5191491690914245,0.5954847911185999,0.7268044227292607,0.7660887840457082,0.7026537138424388
Glucocorticoid,SCAF_06,0.48185440109212263,0.23926761731648283,0.3499557042019876,0.6444572529115349,0.7808797499735074,0.721837906398717
Glucocorticoid,SCAF_07,0.4950718084102965,0.28677965209464906,0.4473983036838248,0.6633230580669696,0.7883555821346353,0.6939311634847289
Glucocorticoid,SCAF_08,0.5540568456278026,0.5223364141056746,0.522514026155393,0.7004473337472472,0.7249312191663884,0.7247964292275955
Glucocorticoid,SCAF_09,0.5202066392153312,0.359833650252426,0.40103409094371356,0.6620002820079137,0.7646760327566946,0.7396599600979978
Glycogen,RND_00,0.6160803433176125,0.5697392921987174,0.5736551365720101,0.7135288749463071,0.7553656336286491,0.7519204490770243
Glycogen,RND_01,0.5895501520871156,0.5727820010597604,0.5037338875082223,0.7131255378743171,0.7275464241628944,0.7841393529955304
Glycogen,RND_02,0.6429830389431008,0.6110385342650458,0.5871345957124783,0.6775762730762027,0.7072403889386634,0.7286483936451512
Glycogen,RND_03,0.6099731264775121,0.5486907529910479,0.5434430388474802,0.7192807119207978,0.7737279128529343,0.7782132718518711
Glycogen,RND_04,0.6157881323234771,0.5451400893621445,0.5807912227214547,0.6917771479717263,0.7526960807291925,0.7225967558384423
Glycogen,RND_05,0.6457699210081904,0.5723549899580355,0.5920274128392169,0.6668417610374459,0.7326925508702872,0.7156415753384163
Glycogen,RND_06,0.6646006624377869,0.6416153883420876,0.6094112083394465,0.6759035070627158,0.6986799434638857,0.7293961857669508
Glycogen,RND_07,0.6488947570202119,0.5996004674578197,0.5964667393681982,0.6714586895629993,0.7170466680217943,0.719847183043511
Glycogen,RND_08,0.61397572033024,0.5233398984599964,0.610606502174242,0.7098439542347604,0.7887874238512489,0.712934981670168
Glycogen,RND_09,0.5574976264079337,0.5285645631607601,0.49475088716070237,0.7306293002087526,0.7541372527507226,0.7807141703782574
Glycogen,SCAF_00,0.4512535318527816,0.2965655492960938,0.3512043113597092,0.8762348896777646,0.9920795324587758,0.9527712645416266
Glycogen,SCAF_01,0.34015143211622,0.23678037725295842,0.24871524914577892,0.9494799897054518,1.0211474121388309,1.0131318396416669
Glycogen,SCAF_02,0.43942575987070465,0.2949804971396951,0.3104339795676271,0.8078802323421297,0.9060058017285489,0.8960213121519854
Glycogen,SCAF_03,0.4516976197651995,0.4374585376942335,0.3051244894901485,0.8412689983184071,0.852122608740552,0.9470618062427691
Glycogen,SCAF_04,0.3362646944520946,0.09181992097307934,0.24701710335195315,0.9475085310853374,1.1083365489657606,1.0092022848397373
Glycogen,SCAF_05,0.46022355909160584,0.3623047480957149,0.3981052657940366,0.8220880930565877,0.8935482055729433,0.8681038198854285
Glycogen,SCAF_06,0.462706761904631,0.3137142129465339,0.40223002362118654,0.7925035884581774,0.8956700501095086,0.8359159250915457
Glycogen,SCAF_07,0.45943556805045094,0.3982573320851611,0.42291662809896813,0.7685959991715456,0.8109233200378662,0.7941337737193831
Glycogen,SCAF_08,0.3616331029238191,0.2875082066988319,0.12677511058500268,0.9215191429958887,0.9735519150698,1.0777852484509454
Glycogen,SCAF_09,0.34801101397766,0.35510698920938677,0.26284535373045614,0.8264759559498012,0.8219661424587246,0.8787986830967125
HERG,RND_00,0.6120371074867914,0.5293062565839386,0.5607750538774499,0.5603802731989617,0.6172441138395698,0.5962539147212395
HERG,RND_01,0.6677608991236332,0.606543032063951,0.6321132997034407,0.525785349857371,0.572178757189529,0.553273861872873
HERG,RND_02,0.6398999836273098,0.5926522388447102,0.5524752664899462,0.5442687486027,0.578874600855424,0.6067507879662809
HERG,RND_03,0.6006192942129084,0.5468087426442785,0.5029466733653409,0.5504703397122005,0.5863826946753108,0.6141039286230432
HERG,RND_04,0.632145907124208,0.5598427529883632,0.5698682830930312,0.5389447842766528,0.5895361018261994,0.582783451035663
HERG,RND_05,0.643740826711463,0.5854073275371715,0.5689643103382382,0.5273823660630572,0.5689228637718272,0.5800950932602031
HERG,RND_06,0.6188306163615431,0.5643252414677002,0.5635579394176904,0.5479528253976167,0.5858215792524477,0.5863372211967722
HERG,RND_07,0.6004313538611962,0.5301468793782824,0.5628466991330492,0.5449956167487723,0.5909875965446966,0.5700516267182866
HERG,RND_08,0.6194606716437348,0.5440105141764668,0.5633717851657969,0.5343494358759207,0.5849287876764684,0.5723760849174346
HERG,RND_09,0.6247464815597488,0.5611119095596648,0.5683913172156358,0.5703041612112918,0.6167668908844431,0.6116306496780367
HERG,SCAF_00,0.3934490038638314,0.3181426908118933,0.33394473145383563,0.6067362375541443,0.6432992189604145,0.6358012947013603
HERG,SCAF_01,0.5358646555551876,0.4830756564756141,0.403951808705867,0.6567154297136908,0.6930561024034926,0.7442101461381716
HERG,SCAF_02,0.4734753503197331,0.40654993020424,0.38638375390497237,0.7064270442953918,0.749980645387578,0.7626168343995738
HERG,SCAF_03,0.5274266818135422,0.43130519007088586,0.4328620574848201,0.6309984408872337,0.6922027492030108,0.6912546075490945
HERG,SCAF_04,0.43933343804240366,0.33180929415622995,0.2970959771355258,0.638909178783508,0.6974884411881426,0.7153767379815914
HERG,SCAF_05,0.4140993465053725,0.32887887529484083,0.35578506985977976,0.6188768122756848,0.6623578297691827,0.6489445847698224
HERG,SCAF_06,0.5128294691134863,0.5038868920845752,0.38955146888198333,0.6490881765431388,0.6550184670575006,0.7265871617697967
HERG,SCAF_07,0.4604570188232525,0.40338608976153345,0.4122975024684896,0.6271120567964236,0.6594453562787738,0.6545018750774431
HERG,SCAF_08,0.48766515085108875,0.3928305378256659,0.42208216022580225,0.5746557973342112,0.6255842464722841,0.6103288424468261
HERG,SCAF_09,0.44559210976929586,0.31239740657208404,0.37354236533556584,0.6719238915892247,0.7482972261834365,0.7142516223789485
JAK2,RND_00,0.7117479139520115,0.6867437863374186,0.6960813325867022,0.6440538500574402,0.6714068973136648,0.6613245413654917
JAK2,RND_01,0.6800926937292712,0.6593211631090625,0.6640716044055445,0.6404185149541515,0.6608826911918811,0.6562588265117686
JAK2,RND_02,0.7106085577600844,0.6712511133004009,0.6893976262680657,0.6086523698066885,0.6487219914029853,0.6305635468866216
JAK2,RND_03,0.6762008183979652,0.6151756020475004,0.6940808495783775,0.6571405483954447,0.7163935907916238,0.6387394275440305
JAK2,RND_04,0.7124221413160283,0.650420267424384,0.708771007375427,0.6377248004735475,0.7031187942042019,0.641760359274901
JAK2,RND_05,0.7036005699201573,0.6710107809786117,0.7098747888196744,0.657842996745342,0.6930657010639962,0.6508431050030616
JAK2,RND_06,0.7351605931234133,0.6779315911726833,0.743276092836961,0.609532472209028,0.6721707465848097,0.6001208293366649
JAK2,RND_07,0.7224387574816773,0.6869052803975599,0.7187774926366114,0.6297721023952686,0.6688702479480796,0.6339121048764166
JAK2,RND_08,0.7533321212517,0.6990348679901803,0.7269943194499698,0.6061166975763864,0.6695114992604243,0.63765503111404
JAK2,RND_09,0.6821353792401637,0.6706346049296463,0.67557212048064,0.6253633154515699,0.6365760413659262,0.6317865691772566
JAK2,SCAF_00,0.6866038475915861,0.6576904367445373,0.7018416804972456,0.7278622479972212,0.7606973099691172,0.7099468396623526
JAK2,SCAF_01,0.5844971170749035,0.5534668351862975,0.5920279760421396,0.7546846845830396,0.7823577265434484,0.7478141997047583
JAK2,SCAF_02,0.5928523016618978,0.46356325320532776,0.5399945010843186,0.6371363175517355,0.7313337722108477,0.6772326391903013
JAK2,SCAF_03,0.5583564593605639,0.5026429944044969,0.49056517813389333,0.7261157948333954,0.7705557440331624,0.7798557094912706
JAK2,SCAF_04,0.6627113996016463,0.6151615809049517,0.6402534009715014,0.6742428453737719,0.7202026682321107,0.6963280073856651
JAK2,SCAF_05,0.6391728327331911,0.5943086907550206,0.6303277301603599,0.6868984956508505,0.7283511377677321,0.6952666338371306
JAK2,SCAF_06,0.5688362391306117,0.4576763604551808,0.5308594919576046,0.6797493261402182,0.7623544290116819,0.7090536988662417
JAK2,SCAF_07,0.5620832512396845,0.5126238766725222,0.5111106163610794,0.7607059656645748,0.8025150188369641,0.8037599227904108
JAK2,SCAF_08,0.6416334994164553,0.5585146534077912,0.6170977503072821,0.6702140437206063,0.7438887102426583,0.6927775090314752
JAK2,SCAF_09,0.6656410010679021,0.617115243957253,0.6465257631302654,0.6727659371428252,0.7199320772245479,0.6917296144650044
LCK,RND_00,0.6736871489534044,0.6180666214422961,0.6150061556397555,0.7228754321273732,0.7820601976239399,0.785187304301154
LCK,RND_01,0.630428141323085,0.519931931217257,0.5031901557446872,0.7493514489239337,0.854058293739205,0.8688227827516132
LCK,RND_02,0.6326929608545251,0.5693407542183296,0.5901118047639302,0.7512368944670686,0.8134468294652534,0.7935878105049471
LCK,RND_03,0.5316782879548565,0.4824745246552232,0.4430146140535256,0.8652795224723571,0.9095993597860095,0.9436396475921923
LCK,RND_04,0.5852506408097713,0.5206772831872165,0.4550910558733008,0.8051884118319744,0.8656028152159047,0.9229254507681875
LCK,RND_05,0.6066474819545971,0.5411356517617043,0.5350485989799407,0.8059707525826937,0.8705034025835944,0.8762582002744016
LCK,RND_06,0.6171796140982453,0.5412561257014195,0.5297453743517988,0.7876820950440268,0.8622606839015926,0.8730115375141502
LCK,RND_07,0.6282523764682073,0.5947578070941789,0.5709900602015143,0.7771776926723851,0.8114346601672707,0.8348912382400093
LCK,RND_08,0.6087738942720485,0.5392587609060149,0.5355986386887381,0.8265647571712857,0.8969980804177528,0.9005539028893432
LCK,RND_09,0.6361870826733107,0.5000141428049414,0.5404483678218479,0.7842283288610253,0.9193530663001762,0.8813950871029
LCK,SCAF_00,0.46421977931541836,0.36593098761117027,0.4590167529414253,0.9319307986188723,1.013814715858941,0.9364449120414162
LCK,SCAF_01,0.3427348989835146,0.1913577744933943,0.21886558108638243,0.9072086131984427,1.006271299454942,0.9890079110682402
LCK,SCAF_02,0.5387566751313719,0.4608321595600696,0.5213531906811003,0.8632279435924387,0.9333025092665057,0.8793626744330674
LCK,SCAF_03,0.42356736000398243,0.4310034361999312,0.2856791268229787,0.9338650679791789,0.9278220088467057,1.0395766561100903
LCK,SCAF_04,0.5054712515781323,0.4658429416752631,0.47176585816475125,1.01424554672194,1.0541000247310783,1.0482396227807314
LCK,SCAF_05,0.5272343911221513,0.4518128411638901,0.5057531855790536,0.7784142286687094,0.8382088784131576,0.7959023133300998
LCK,SCAF_06,0.5064863201358201,0.3763791027564485,0.3953956462893977,0.8422077765023774,0.9467383709608234,0.9321918131414568
LCK,SCAF_07,0.3953835657532916,0.22769955246637918,0.18991352273800588,0.9253894253324633,1.04586999047237,1.0711498956987375
LCK,SCAF_08,0.47580903942437514,0.4465786338654948,0.42974643898018705,0.8876402277297126,0.9120532042934979,0.9258192688716174
LCK,SCAF_09,0.21705886074085134,0.051777820022998355,0.07173186311093371,0.924209951794414,1.0170941087535954,1.006335528428959
Monoamine,RND_00,0.6104730348256049,0.5199312567959404,0.5379473169653465,0.6454860371965158,0.7165884498975958,0.7030137784024806
Monoamine,RND_01,0.6736492872450115,0.6266599836308482,0.5910947360071088,0.6100418814944871,0.652483659958091,0.6828553554366993
Monoamine,RND_02,0.629738628982139,0.5824407657329211,0.599449177741158,0.6217196034774886,0.6602363103908546,0.6466498373733375
Monoamine,RND_03,0.6375489212461973,0.5454870504153926,0.5732460806558225,0.5960529763437462,0.6674723706670996,0.646768592014246
Monoamine,RND_04,0.6507410228942527,0.6258302319120833,0.6003991577869193,0.5769519462774726,0.597173051584917,0.6171333996050284
Monoamine,RND_05,0.6987529976717204,0.6639200913110932,0.6531419964501508,0.5799083144341047,0.6125185471840289,0.6222627851963946
Monoamine,RND_06,0.6342490731835942,0.5053449537174515,0.5692867227452472,0.6410394808538816,0.7454925064048619,0.6956426329275067
Monoamine,RND_07,0.6713709003746697,0.64119920410239,0.6334637610468947,0.6530393190214814,0.6823591523183817,0.6896754735588845
Monoamine,RND_08,0.6349966733675966,0.5720760965076586,0.5447096000187264,0.6421352867739469,0.6952826592562716,0.7171704244002419
Monoamine,RND_09,0.5969528874015869,0.5574867383450575,0.5198275552310057,0.6952404364191149,0.7284844093869718,0.7588496416412327
Monoamine,SCAF_00,0.2958779414043329,0.15313966359209275,0.09559400325777911,0.8555166454331383,0.9382323110314866,0.9695857085796896
Monoamine,SCAF_01,0.3275053694247303,0.2531464591716921,0.11284687411312078,0.8819825209001092,0.9294655337300941,1.01301263304268
Monoamine,SCAF_02,0.5006251855219747,0.43943643746314875,0.3131294723785014,0.7656283059686885,0.8111797413932957,0.8979292205304583
Monoamine,SCAF_03,0.596736901337739,0.5259005298610764,0.41348013079966617,0.6673884980458997,0.7236344117715606,0.8048701862828662
Monoamine,SCAF_04,0.2063027387218721,0.20437171533839527,0.1294967489633323,0.8186946043555305,0.8196899196333315,0.8573925113947192
Monoamine,SCAF_05,0.4478739140126585,0.2833031620194256,0.2547535561822559,0.7181274628930584,0.8181824251191318,0.834319431290931
Monoamine,SCAF_06,0.4280928121217268,0.39807262480452543,0.25423880300897084,0.7778750019716778,0.7980297561830061,0.8882739561904675
Monoamine,SCAF_07,0.3294815712309114,0.23388643614318283,0.2592014187004664,0.6886794267015866,0.7361364554264385,0.7238720714189768
Monoamine,SCAF_08,0.37430246750710794,0.3128817294362398,0.3057650683724332,0.8420760264769749,0.8824392778340108,0.8869973315465614
Monoamine,SCAF_09,0.11903268248122556,0.09215215995973358,-0.025866810443432975,0.9790801320806485,0.9939049911820705,1.0565348549598568
Vanilloid,RND_00,0.5091393797728061,0.47887997316030884,0.4216508073595039,0.7196885593831228,0.7415396622671371,0.7811970054694662
Vanilloid,RND_01,0.5843614689144998,0.5365227510512098,0.509189975044821,0.6729234904267735,0.7105947565260367,0.7312476790352582
Vanilloid,RND_02,0.5889780484374301,0.5446673292668329,0.5117710143456506,0.6568716106570684,0.6913729604723071,0.7159122005905451
Vanilloid,RND_03,0.5440267675344814,0.48188836108341593,0.4470353939526922,0.7025948083866922,0.7489398447614415,0.7737201888403105
Vanilloid,RND_04,0.5927687912130086,0.5455993903427864,0.5521802806978675,0.6633345860172211,0.700699113144986,0.6956066445848887
Vanilloid,RND_05,0.6127057534972642,0.5466140814148346,0.5596630464544836,0.6320102344471428,0.6838133924627899,0.6739010842914372
Vanilloid,RND_06,0.5847780997385228,0.5146942770115657,0.5098917411882575,0.6563100818721217,0.7095396285107831,0.7130417514923298
Vanilloid,RND_07,0.5757467455801208,0.5358625362504168,0.494790146403999,0.6700402637549931,0.7008282861128393,0.7311798523338414
Vanilloid,RND_08,0.4928982035112467,0.4276685037150868,0.3945828620069711,0.681633286202455,0.7241475052854006,0.7447843991234291
Vanilloid,RND_09,0.5439625635167566,0.4681947242091208,0.4430241273997956,0.6519195673681512,0.7039958344960217,0.7204634609445739
Vanilloid,SCAF_00,0.4071005113610857,0.37792712957370433,0.325696152729531,0.7322531545970302,0.7500519494900975,0.7809055909896594
Vanilloid,SCAF_01,0.3687684359663794,0.3121711603934021,0.24313479431800644,0.7269544924354141,0.7588449734912902,0.7960166309189689
Vanilloid,SCAF_02,0.4311123087233909,0.36131864818768555,0.3054079162324911,0.7729213923470335,0.8189628032289682,0.8540572300981514
Vanilloid,SCAF_03,0.43290789269436925,0.2560991704238861,0.2723191869938547,0.7395458608922822,0.847024223869285,0.837739071824214
Vanilloid,SCAF_04,0.3460954873823827,0.27422738249545175,0.1805867867857549,0.8457426757907889,0.8910075162332907,0.9467439959584452
Vanilloid,SCAF_05,0.3821547754151218,0.29851014801454223,0.3001259568566921,0.7774020571548865,0.8283550700540231,0.827400505219908
Vanilloid,SCAF_06,0.2546031760534826,0.14664154081437397,0.09635470982844652,0.727017179921582,0.7778872507732438,0.8004789196067917
Vanilloid,SCAF_07,0.2702731186670283,0.1503865838374817,0.09850907895306804,0.7880006680689348,0.8502704658001516,0.875844670995342
Vanilloid,SCAF_08,0.28685169266508936,0.18193207567156577,0.15873329353767152,0.7343151292730892,0.7864791806764223,0.7975527176492241
Vanilloid,SCAF_09,0.3567136695869936,0.14489336495188487,0.187258444059354,0.6903579451324874,0.7959436165744223,0.7759761959948157
erbB1,RND_00,0.7290190991993315,0.6939796454162128,0.6993736410037308,0.7097688296083181,0.7542628865087594,0.747585914767981
erbB1,RND_01,0.7296068164404088,0.6936960380988166,0.6981555131273368,0.700751142206321,0.7458341278032165,0.7403849271405331
erbB1,RND_02,0.7527729267737118,0.7161115625719172,0.6859136601409695,0.6950674327153457,0.7448224846175631,0.7834358675903462
erbB1,RND_03,0.7587774587344145,0.7178113367332173,0.7190017810720052,0.6812084617744582,0.7367851617485912,0.7352294140641449
erbB1,RND_04,0.7371345491293353,0.6974304617741265,0.7048246106038145,0.7116881378247554,0.7635466459749705,0.754159220112123
erbB1,RND_05,0.7317499250407811,0.6732410628915075,0.6826505896019666,0.7104949234450726,0.7841601902800027,0.772787166234595
erbB1,RND_06,0.7420336662103901,0.7092941859135633,0.6957387532075605,0.7130907049293242,0.7569899584589731,0.7744378667989279
erbB1,RND_07,0.7533996543461948,0.7009428847030552,0.7168935419830664,0.6731326458430361,0.7412776107140775,0.7212381675360356
erbB1,RND_08,0.7329670190926161,0.7021011489970999,0.6753557635519838,0.7014084996315656,0.7408375494158678,0.7733790813638521
erbB1,RND_09,0.7638614069679521,0.728962787927137,0.7320334600808129,0.6662550625369242,0.713791705694725,0.7097367944102173
erbB1,SCAF_00,0.6931558886567698,0.6403108654242385,0.6670250690209267,0.7628862352564235,0.8259705102062334,0.7947062914576134
erbB1,SCAF_01,0.5355695419679234,0.4977811285455833,0.4676033707996259,0.9301560483457414,0.9672572229483903,0.9958940006346682
erbB1,SCAF_02,0.5396160297628476,0.48975794421207763,0.48648594383916444,0.9054914937435027,0.9532622694617596,0.9563138506245894
erbB1,SCAF_03,0.5798236389452893,0.5252463810692887,0.48543674537727355,0.918779079883035,0.976628586480205,1.0167511564523501
erbB1,SCAF_04,0.5954428306661004,0.5579099432636572,0.5611376152255341,0.8318204602178082,0.8695509242869026,0.8663708406931585
erbB1,SCAF_05,0.616602279671091,0.5310687071884694,0.5736802728479641,0.8560917003682125,0.9467823019058684,0.9027411472304256
erbB1,SCAF_06,0.5818775886372409,0.5397200487605911,0.49497863194881797,0.8779707356600482,0.9211690680582653,0.96490197239759
erbB1,SCAF_07,0.585413105392008,0.5232943573933995,0.5188488808104479,0.9024262039724401,0.967673970295603,0.9721754793332706
erbB1,SCAF_08,0.592810424135002,0.5622517215663505,0.5288530095692848,0.8896553621791932,0.9224348413547387,0.9569774088963475
erbB1,SCAF_09,0.658660797644567,0.6218750413169477,0.5503615355213571,0.8383575080919211,0.8823763223201857,0.9622056472412204
opioid,RND_00,0.7107856748491841,0.6401263209364145,0.6282332784813758,0.6473520442432497,0.7221138346377242,0.7339489937636318
opioid,RND_01,0.6918418688870717,0.5924361771983702,0.6074592968248014,0.6709580713331997,0.7716251588782164,0.757270282012099
opioid,RND_02,0.6651767129329471,0.5902165886896176,0.6348808494090058,0.7548311778609413,0.8350628993663101,0.7882415222628935
opioid,RND_03,0.723118568365774,0.6419514952185381,0.7062643343724839,0.576483462821434,0.655557619920793,0.5937700374517806
opioid,RND_04,0.7062020856520299,0.6147464350806555,0.6838187592932399,0.6746363651560038,0.7725359993979936,0.6998636587546678
opioid,RND_05,0.6294429738961074,0.5616759137323153,0.5534815124637075,0.6973723345720051,0.7584637979689877,0.7655206509274648
opioid,RND_06,0.7585060981169129,0.6647837154597722,0.7163503806568571,0.5999830813313495,0.7068845243402552,0.6502450013595829
opioid,RND_07,0.671187520213687,0.5808885053231405,0.5954970021715262,0.6990499690820493,0.7892214143260825,0.775344922032539
opioid,RND_08,0.7066215619025724,0.615325658247726,0.6811603399782171,0.6581984937433891,0.7536841769719183,0.6861656240613849
opioid,RND_09,0.7300200757584249,0.6625067113884151,0.7029116513265224,0.6446937905819339,0.7208092017661484,0.6762862562644419
opioid,SCAF_00,0.6932537569809704,0.6331327716121988,0.6183263073398103,0.6740744093471859,0.7371785214617943,0.7519073446580188
opioid,SCAF_01,0.6560304553147487,0.6326564360181121,0.6726010366415369,0.6777197959683309,0.7003681587429912,0.6611938808402203
opioid,SCAF_02,0.64714677438072,0.5633800933187749,0.6034463767825609,0.7058519578958274,0.7851784003518765,0.7482858604143504
opioid,SCAF_03,0.5848885624250567,0.4499443981665079,0.5317892696872183,0.7673962581130178,0.8833658855435612,0.8150007504366064
opioid,SCAF_04,0.6722301500456578,0.6648433405682777,0.6740231920180451,0.6851877963497525,0.6928656718493927,0.6833110903445537
opioid,SCAF_05,0.6406666374934189,0.5206606523588617,0.5940922211685198,0.6685012730698531,0.7721025880708745,0.7105050270960857
opioid,SCAF_06,0.7844243144534985,0.6034361540913511,0.7101620176152874,0.5786121245773763,0.7847732674663123,0.6709115845531283
opioid,SCAF_07,0.64023832064837,0.5578891931363146,0.5556690970738849,0.7613753774923332,0.8440281711728465,0.8461446961345523
opioid,SCAF_08,0.5899453129242165,0.5128270354198975,0.4629447519940796,0.8338406300371023,0.9088741518436632,0.9542708223320645
opioid,SCAF_09,0.5940543009277746,0.46899434020837305,0.5613852785251026,0.7448452953034003,0.8518863936935996,0.7742366198711057
